"TimeStamp","DispFrames"
1409264779,17.2699992657
1409264780,22.4399995804
1409264781,24
1409264782,20.9500005245
1409264783,15.3400006294
1409264784,17.8799991608
1409264785,22.8299996853
1409264786,24
1409264787,20.3400006294
1409264788,14.9500005245
1409264789,17.8799991608
1409264790,22.8299996853
1409264791,24
1409264792,17.900001049
1409264793,13.3900001049
1409264794,17.8799991608
1409264795,22.8299996853
1409264796,24
1409264797,18.5100009441
1409264798,13.7800002098
1409264799,17.2699992657
1409264800,23.0499994755
1409264801,23.1700003147
1409264802,16.5100009441
1409264803,13
1409264804,17.2699992657
1409264805,22.4399995804
1409264806,19.7300007343
1409264807,14.5600004196
1409264808,13.6099998951
1409264809,17.0499994755
1409264810,22.0499994755
1409264811,20.3400006294
1409264812,14.9500005245
1409264813,13
1409264814,16.6599993706
1409264815,21.4399995804
1409264816,20.5600004196
1409264817,15.3400006294
1409264818,13
1409264819,17.2699992657
1409264820,21.8299996853
1409264821,19.9500005245
1409264822,15.5600004196
1409264823,13.3900001049
1409264824,16.0499994755
1409264825,21.0499994755
1409264826,19.9500005245
1409264827,14.9500005245
1409264828,13.6099998951
1409264829,15.8299996853
1409264830,21.2699992657
1409264831,20.3400006294
1409264832,15.5600004196
1409264833,13.3900001049
1409264834,15.4399995804
1409264835,20.6599993706
1409264836,19.3400006294
1409264837,14.5600004196
1409264838,13.6099998951
1409264839,15.8299996853
1409264840,20.6599993706
1409264841,17.5100009441
1409264842,13.3900001049
1409264843,13.6099998951
1409264844,15.2199997902
1409264845,20.8799991608
1409264846,18.5100009441
1409264847,13.7800002098
1409264848,13
1409264849,14.8299996853
1409264850,20.8799991608
1409264851,20.9500005245
1409264852,15.3400006294
1409264853,13
1409264854,14.2199997902
1409264855,20.4899990559
1409264856,21.5600004196
1409264857,15.7300007343
1409264858,13
1409264859,14.2199997902
1409264860,20.4899990559
1409264861,20.3400006294
1409264862,14.9500005245
1409264863,13
1409264864,13.6099998951
1409264865,20.099998951
1409264866,19.7300007343
1409264867,14.5600004196
1409264868,13
1409264869,13.6099998951
1409264870,20.099998951
1409264871,18.5100009441
1409264872,13.7800002098
1409264873,13.6099998951
1409264874,14.6099998951
1409264875,19.8799991608
1409264876,18.1200008392
1409264877,13.7800002098
1409264878,13
1409264879,13.6099998951
1409264880,20.099998951
1409264881,17.900001049
1409264882,13.3900001049
1409264883,13
1409264884,13
1409264885,19.099998951
1409264886,18.7300007343
1409264887,14.1700003147
1409264888,13
1409264889,13.6099998951
1409264890,19.4899990559
1409264891,19.3400006294
1409264892,14.5600004196
1409264893,13
1409264894,13
1409264895,19.7099988461
1409264896,18.5100009441
1409264897,14.3900001049
1409264898,13.3900001049
1409264899,13
1409264900,19.099998951
1409264901,18.1200008392
1409264902,13.7800002098
1409264903,13.6099998951
1409264904,13.3900001049
1409264905,17.2699992657
1409264906,20
1409264907,15.7300007343
1409264908,13
1409264909,13
1409264910,19.099998951
1409264911,19.9500005245
1409264912,14.9500005245
1409264913,13
1409264914,13
1409264915,19.099998951
1409264916,19.9500005245
1409264917,14.9500005245
1409264918,13
1409264919,13.6099998951
1409264920,18.2699992657
1409264921,19.7800002098
1409264922,15.3400006294
1409264923,13
1409264924,13
1409264925,19.099998951
1409264926,21.1700003147
1409264927,15.7300007343
1409264928,13
1409264929,13
1409264930,19.7099988461
1409264931,19.7300007343
1409264932,14.5600004196
1409264933,13.6099998951
1409264934,13.3900001049
1409264935,17.8799991608
1409264936,20.3900001049
1409264937,15.7300007343
1409264938,13
1409264939,13
1409264940,19.7099988461
1409264941,23.3900001049
1409264942,16.900001049
1409264943,13
1409264944,13
1409264945,19.7099988461
1409264946,24.6099998951
1409264947,18.2900011539
1409264948,13.3900001049
1409264949,13
1409264950,19.7099988461
1409264951,24
1409264952,17.900001049
1409264953,13.3900001049
1409264954,13
1409264955,19.099998951
1409264956,23.6099998951
1409264957,17.2900011539
1409264958,13.6099998951
1409264959,13.3900001049
1409264960,20.3199987411
1409264961,25
1409264962,22.5600004196
1409264963,16.1200008392
1409264964,13.6099998951
1409264965,20.7099988461
1409264966,25
1409264967,22.5600004196
1409264968,16.7300007343
1409264969,14.6099998951
1409264970,20.4899990559
1409264971,24
1409264972,17.900001049
1409264973,13.3900001049
1409264974,14.2199997902
1409264975,21.099998951
1409264976,24.3900001049
1409264977,17.900001049
1409264978,13.3900001049
1409264979,14.2199997902
1409264980,19.8799991608
1409264981,24.2199997902
1409264982,18.900001049
1409264983,13.7800002098
1409264984,14.2199997902
1409264985,21.099998951
1409264986,24.3900001049
1409264987,20.3400006294
1409264988,14.9500005245
1409264989,14.8299996853
1409264990,20.8799991608
1409264991,24.6099998951
1409264992,18.900001049
1409264993,13.7800002098
1409264994,15.4399995804
1409264995,21.2699992657
1409264996,24.6099998951
1409264997,20.1200008392
1409264998,14.5600004196
1409264999,15.4399995804
1409265000,21.2699992657
1409265001,24
1409265002,20.9500005245
1409265003,15.3400006294
1409265004,15.4399995804
1409265005,21.2699992657
1409265006,24.6099998951
1409265007,18.900001049
1409265008,13.7800002098
1409265009,15.4399995804
1409265010,21.8799991608
1409265011,24.3900001049
1409265012,17.900001049
1409265013,13.3900001049
1409265014,15.4399995804
1409265015,21.2699992657
1409265016,22.1700003147
1409265017,16.1200008392
1409265018,13
1409265019,15.4399995804
1409265020,21.2699992657
1409265021,22.1700003147
1409265022,16.7300007343
1409265023,13.3900001049
1409265024,15.4399995804
1409265025,21.2699992657
1409265026,22.7800002098
1409265027,16.5100009441
1409265028,13
1409265029,15.4399995804
1409265030,21.2699992657
1409265031,23.3900001049
1409265032,17.5100009441
1409265033,13.3900001049
1409265034,14.8299996853
1409265035,20.8799991608
1409265036,22.1700003147
1409265037,16.1200008392
1409265038,13
1409265039,15.4399995804
1409265040,21.2699992657
1409265041,22.1700003147
1409265042,16.1200008392
1409265043,13
1409265044,14.8299996853
1409265045,20.8799991608
1409265046,21.5600004196
1409265047,16.3400006294
1409265048,13.3900001049
1409265049,14.8299996853
1409265050,20.8799991608
1409265051,21.5600004196
1409265052,15.7300007343
1409265053,13
1409265054,14.8299996853
1409265055,21.4899990559
1409265056,23.1700003147
1409265057,16.5100009441
1409265058,13
1409265059,14.2199997902
1409265060,20.4899990559
1409265061,24
1409265062,18.5100009441
1409265063,13.7800002098
1409265064,14.2199997902
1409265065,20.4899990559
1409265066,20.9500005245
1409265067,15.9500005245
1409265068,13.3900001049
1409265069,14.2199997902
1409265070,20.4899990559
1409265071,20.9500005245
1409265072,15.3400006294
1409265073,13
1409265074,14.2199997902
1409265075,20.4899990559
1409265076,22.1700003147
1409265077,16.1200008392
1409265078,13
1409265079,14.2199997902
1409265080,20.4899990559
1409265081,20.9500005245
1409265082,15.3400006294
1409265083,13
1409265084,13
1409265085,20.3199987411
1409265086,22.5600004196
1409265087,16.1200008392
1409265088,13
1409265089,13
1409265090,20.3199987411
1409265091,22.5600004196
1409265092,16.1200008392
1409265093,13
1409265094,13.6099998951
1409265095,20.099998951
1409265096,21.5600004196
1409265097,15.7300007343
1409265098,13
1409265099,14.2199997902
1409265100,19.8799991608
1409265101,23
1409265102,16.900001049
1409265103,13
1409265104,13.6099998951
1409265105,19.4899990559
1409265106,20.5600004196
1409265107,15.3400006294
1409265108,13.6099998951
1409265109,13.3900001049
1409265110,19.7099988461
1409265111,24
1409265112,20.9500005245
1409265113,15.3400006294
1409265114,13.6099998951
1409265115,20.7099988461
1409265116,25
1409265117,21.9500005245
1409265118,15.7300007343
1409265119,13.6099998951
1409265120,20.099998951
1409265121,24.6099998951
1409265122,22.5600004196
1409265123,16.7300007343
1409265124,14.6099998951
1409265125,21.099998951
1409265126,25
1409265127,24.3900001049
1409265128,17.900001049
1409265129,15.2199997902
1409265130,20.8799991608
1409265131,24.6099998951
1409265132,24.3900001049
1409265133,17.2900011539
1409265134,16.0499994755
1409265135,22.2699992657
1409265136,24.3900001049
1409265137,24
1409265138,17.2900011539
1409265139,16.6599993706
1409265140,22.0499994755
1409265141,24.6099998951
1409265142,25
1409265143,18.2900011539
1409265144,17.0499994755
1409265145,22.6599993706
1409265146,25
1409265147,24.3900001049
1409265148,18.5100009441
1409265149,18.0499994755
1409265150,23.0499994755
1409265151,25
1409265152,24.3900001049
1409265153,20.9500005245
1409265154,20.8299996853
1409265155,23.8299996853
1409265156,24.3900001049
1409265157,24
1409265158,20.9500005245
1409265159,20.8299996853
1409265160,23.8299996853
1409265161,24.3900001049
1409265162,24.6099998951
1409265163,20.1200008392
1409265164,21.2699992657
1409265165,24
1409265166,24.6099998951
1409265167,24.3900001049
1409265168,21.5600004196
1409265169,21.8299996853
1409265170,23.6099998951
1409265171,24
1409265172,24
1409265173,18.5100009441
1409265174,19.8799991608
1409265175,23.6099998951
1409265176,24
1409265177,22.1700003147
1409265178,16.7300007343
1409265179,19.4899990559
1409265180,23.6099998951
1409265181,24.6099998951
1409265182,24.3900001049
1409265183,18.5100009441
1409265184,20.4899990559
1409265185,24
1409265186,24.6099998951
1409265187,24.3900001049
1409265188,20.3400006294
1409265189,21.6599993706
1409265190,24.6099998951
1409265191,24.3900001049
1409265192,24
1409265193,18.5100009441
1409265194,19.8799991608
1409265195,23.6099998951
1409265196,24
1409265197,19.7300007343
1409265198,14.5600004196
1409265199,18.4899990559
1409265200,18.9500005245
1409265201,14.5600004196
1409265202,7.51000094414
1409265203,7.04999947548
1409265204,12.0499994755
1409265205,13.3900001049
1409265206,13
1409265207,10.5600004196
1409265208,5.34000062943
1409265209,9.70999884605
1409265210,13.3900001049
1409265211,13
1409265212,13.6099998951
1409265213,13.3900001049
1409265214,13
1409265215,13.6099998951
1409265216,13.3900001049
1409265217,13
1409265218,13.6099998951
1409265219,14
1409265220,13.3900001049
1409265221,13
1409265222,13
1409265223,13
1409265224,13
1409265225,13.6099998951
1409265226,13.3900001049
1409265227,13
1409265228,14.8299996853
1409265229,14.1700003147
1409265230,13
1409265231,13.6099998951
1409265232,13.3900001049
1409265233,14.2199997902
1409265234,13.7800002098
1409265235,13
1409265236,13
1409265237,13.6099998951
1409265238,15.2199997902
1409265239,14.1700003147
1409265240,13
1409265241,13
1409265242,13
1409265243,14.8299996853
1409265244,14.1700003147
1409265245,13.6099998951
1409265246,13.3900001049
1409265247,13
1409265248,14.2199997902
1409265249,15
1409265250,13.7800002098
1409265251,13
1409265252,13
1409265253,15.4399995804
1409265254,14.5600004196
1409265255,13
1409265256,13
1409265257,13
1409265258,14.8299996853
1409265259,14.1700003147
1409265260,13
1409265261,13.6099998951
1409265262,13.3900001049
1409265263,14.2199997902
1409265264,13.7800002098
1409265265,13
1409265266,13
1409265267,13
1409265268,14.8299996853
1409265269,14.7800002098
1409265270,13.3900001049
1409265271,13
1409265272,13
1409265273,14.8299996853
1409265274,14.7800002098
1409265275,13.3900001049
1409265276,13
1409265277,13
1409265278,15.4399995804
1409265279,15.1700003147
1409265280,13.3900001049
1409265281,13
1409265282,13
1409265283,14.8299996853
1409265284,14.7800002098
1409265285,14
1409265286,13.3900001049
1409265287,13
1409265288,15.4399995804
1409265289,15.7800002098
1409265290,13.7800002098
1409265291,13
1409265292,13
1409265293,15.4399995804
1409265294,16.3900001049
1409265295,14.1700003147
1409265296,13
1409265297,13
1409265298,14.8299996853
1409265299,15.3900001049
1409265300,13.7800002098
1409265301,13
1409265302,13
1409265303,14.8299996853
1409265304,14.1700003147
1409265305,13
1409265306,13.6099998951
1409265307,13.3900001049
1409265308,14.8299996853
1409265309,14.1700003147
1409265310,13
1409265311,13
1409265312,13.6099998951
1409265313,14
1409265314,13.3900001049
1409265315,13.6099998951
1409265316,13.3900001049
1409265317,13
1409265318,14.8299996853
1409265319,14.1700003147
1409265320,13
1409265321,13
1409265322,13
1409265323,14.2199997902
1409265324,13.7800002098
1409265325,13
1409265326,13
1409265327,13.6099998951
1409265328,14.6099998951
1409265329,13.7800002098
1409265330,13
1409265331,13
1409265332,13.6099998951
1409265333,14.6099998951
1409265334,14.3900001049
1409265335,13.3900001049
1409265336,13
1409265337,13
1409265338,13.6099998951
1409265339,13.3900001049
1409265340,13
1409265341,13.6099998951
1409265342,13.3900001049
1409265343,15.4399995804
1409265344,15.7800002098
1409265345,13.7800002098
1409265346,13
1409265347,13
1409265348,16.0499994755
1409265349,17.3900001049
1409265350,14.5600004196
1409265351,13
1409265352,13
1409265353,14.8299996853
1409265354,14.7800002098
1409265355,13.3900001049
1409265356,13
1409265357,13.6099998951
1409265358,14.6099998951
1409265359,16.8299996853
1409265360,15.5600004196
1409265361,13.3900001049
1409265362,13
1409265363,14.8299996853
1409265364,14.1700003147
1409265365,13
1409265366,13
1409265367,13.6099998951
1409265368,14.6099998951
1409265369,15
1409265370,13.7800002098
1409265371,13
1409265372,13
1409265373,14.8299996853
1409265374,14.1700003147
1409265375,13
1409265376,13.6099998951
1409265377,13.3900001049
1409265378,14.2199997902
1409265379,14.3900001049
1409265380,14
1409265381,13.3900001049
1409265382,13
1409265383,15.4399995804
1409265384,18.8299996853
1409265385,15.7300007343
1409265386,13
1409265387,13
1409265388,14.8299996853
1409265389,19.0499994755
1409265390,16.1200008392
1409265391,13
1409265392,13
1409265393,14.2199997902
1409265394,14.3900001049
1409265395,13.3900001049
1409265396,13
1409265397,13
1409265398,14.8299996853
1409265399,14.7800002098
1409265400,13.3900001049
1409265401,13
1409265402,13
1409265403,14.8299996853
1409265404,14.7800002098
1409265405,14
1409265406,13.3900001049
1409265407,13
1409265408,14.8299996853
1409265409,14.1700003147
1409265410,13
1409265411,13
1409265412,13.6099998951
1409265413,15.8299996853
1409265414,14.5600004196
1409265415,13
1409265416,13
1409265417,13.6099998951
1409265418,15.2199997902
1409265419,16
1409265420,14.1700003147
1409265421,13
1409265422,13
1409265423,15.4399995804
1409265424,15.7800002098
1409265425,13.7800002098
1409265426,13.6099998951
1409265427,13.3900001049
1409265428,14.8299996853
1409265429,15.3900001049
1409265430,13.7800002098
1409265431,13
1409265432,13
1409265433,15.4399995804
1409265434,15.1700003147
1409265435,13.3900001049
1409265436,13
1409265437,13
1409265438,14.2199997902
1409265439,15.6099998951
1409265440,14.1700003147
1409265441,13
1409265442,13
1409265443,14.8299996853
1409265444,14.7800002098
1409265445,13.3900001049
1409265446,13
1409265447,13
1409265448,14.8299996853
1409265449,14.7800002098
1409265450,13.3900001049
1409265451,13
1409265452,13.6099998951
1409265453,14.6099998951
1409265454,13.7800002098
1409265455,13
1409265456,13
1409265457,13.6099998951
1409265458,14.6099998951
1409265459,13.7800002098
1409265460,13
1409265461,13.6099998951
1409265462,13.3900001049
1409265463,13.6099998951
1409265464,14
1409265465,13.3900001049
1409265466,13
1409265467,13
1409265468,14.8299996853
1409265469,14.7800002098
1409265470,13.3900001049
1409265471,13
1409265472,13
1409265473,14.2199997902
1409265474,14.3900001049
1409265475,13.3900001049
1409265476,13
1409265477,13
1409265478,15.4399995804
1409265479,14.5600004196
1409265480,13
1409265481,13
1409265482,13
1409265483,14.8299996853
1409265484,14.1700003147
1409265485,13
1409265486,13
1409265487,13
1409265488,14.2199997902
1409265489,13.7800002098
1409265490,13.6099998951
1409265491,13.3900001049
1409265492,13
1409265493,14.2199997902
1409265494,13.7800002098
1409265495,13
1409265496,13
1409265497,13
1409265498,13
1409265499,11.1700003147
1409265500,10
1409265501,12.4399995804
1409265502,13.3900001049
1409265503,13.6099998951
1409265504,13.3900001049
1409265505,13
1409265506,13
1409265507,13.6099998951
1409265508,13.3900001049
1409265509,13
1409265510,13
1409265511,13.6099998951
1409265512,13.3900001049
1409265513,14.2199997902
1409265514,13.7800002098
1409265515,13.6099998951
1409265516,13.3900001049
1409265517,13
1409265518,14.2199997902
1409265519,13.7800002098
1409265520,13
1409265521,13
1409265522,13
1409265523,13.6099998951
1409265524,13.3900001049
1409265525,13
1409265526,13
1409265527,13
1409265528,13.6099998951
1409265529,14
1409265530,13.3900001049
1409265531,13
1409265532,13
1409265533,14.2199997902
1409265534,13.7800002098
1409265535,13
1409265536,13
1409265537,13.6099998951
1409265538,14.6099998951
1409265539,13.7800002098
1409265540,13
1409265541,13
1409265542,13
1409265543,14.2199997902
1409265544,14.3900001049
1409265545,13.3900001049
1409265546,13
1409265547,13
1409265548,14.2199997902
1409265549,14.3900001049
1409265550,13.3900001049
1409265551,13
1409265552,13
1409265553,14.8299996853
1409265554,14.1700003147
1409265555,13
1409265556,13
1409265557,13
1409265558,14.8299996853
1409265559,14.1700003147
1409265560,13
1409265561,13
1409265562,13.6099998951
1409265563,14.6099998951
1409265564,13.7800002098
1409265565,13
1409265566,13
1409265567,13
1409265568,15.4399995804
1409265569,14.5600004196
1409265570,13.6099998951
1409265571,13.3900001049
1409265572,13
1409265573,14.2199997902
1409265574,13.7800002098
1409265575,13
1409265576,13
1409265577,13
1409265578,14.2199997902
1409265579,13.7800002098
1409265580,13
1409265581,13.6099998951
1409265582,13.3900001049
1409265583,14.2199997902
1409265584,13.7800002098
1409265585,13.6099998951
1409265586,13.3900001049
1409265587,13
1409265588,14.2199997902
1409265589,13.7800002098
1409265590,13
1409265591,13
1409265592,13
1409265593,14.8299996853
1409265594,14.1700003147
1409265595,13
1409265596,13
1409265597,13
1409265598,14.8299996853
1409265599,14.1700003147
1409265600,13
1409265601,13
1409265602,13.6099998951
1409265603,15.2199997902
1409265604,14.1700003147
1409265605,13
1409265606,13
1409265607,13.6099998951
1409265608,14.6099998951
1409265609,13.7800002098
1409265610,13
1409265611,13.6099998951
1409265612,13.3900001049
1409265613,14.8299996853
1409265614,14.1700003147
1409265615,13
1409265616,13
1409265617,13
1409265618,14.8299996853
1409265619,14.1700003147
1409265620,13.6099998951
1409265621,13.3900001049
1409265622,13
1409265623,15.4399995804
1409265624,16.3900001049
1409265625,14.1700003147
1409265626,13.6099998951
1409265627,13.3900001049
1409265628,14.8299996853
1409265629,15.3900001049
1409265630,13.7800002098
1409265631,13
1409265632,13
1409265633,14.8299996853
1409265634,16
1409265635,14.1700003147
1409265636,13
1409265637,13
1409265638,15.4399995804
1409265639,14.5600004196
1409265640,13
1409265641,13.6099998951
1409265642,13.3900001049
1409265643,14.8299996853
1409265644,16.6099998951
1409265645,14.5600004196
1409265646,13
1409265647,13
1409265648,15.4399995804
1409265649,15.1700003147
1409265650,13.3900001049
1409265651,13.6099998951
1409265652,13.3900001049
1409265653,15.4399995804
1409265654,15.1700003147
1409265655,13.3900001049
1409265656,13
1409265657,13
1409265658,15.4399995804
1409265659,15.7800002098
1409265660,13.7800002098
1409265661,13.6099998951
1409265662,13.3900001049
1409265663,14.8299996853
1409265664,15.3900001049
1409265665,13.7800002098
1409265666,13
1409265667,13.6099998951
1409265668,15.2199997902
1409265669,15.3900001049
1409265670,13.7800002098
1409265671,13
1409265672,13
1409265673,15.4399995804
1409265674,18.2199997902
1409265675,15.3400006294
1409265676,13
1409265677,13
1409265678,14.8299996853
1409265679,15.3900001049
1409265680,13.7800002098
1409265681,13.6099998951
1409265682,13.3900001049
1409265683,15.4399995804
1409265684,15.7800002098
1409265685,13.7800002098
1409265686,13
1409265687,13
1409265688,15.4399995804
1409265689,20.0499994755
1409265690,16.5100009441
1409265691,13
1409265692,13
1409265693,16.0499994755
1409265694,15.5600004196
1409265695,13.3900001049
1409265696,13
1409265697,13
1409265698,15.4399995804
1409265699,15.1700003147
1409265700,13.3900001049
1409265701,13.6099998951
1409265702,13.3900001049
1409265703,15.4399995804
1409265704,15.1700003147
1409265705,13.3900001049
1409265706,13
1409265707,13
1409265708,16.0499994755
1409265709,14.9500005245
1409265710,13
1409265711,13
1409265712,13.6099998951
1409265713,15.8299996853
1409265714,14.5600004196
1409265715,13
1409265716,13
1409265717,13
1409265718,15.4399995804
1409265719,15.7800002098
1409265720,13.7800002098
1409265721,13
1409265722,13.6099998951
1409265723,15.2199997902
1409265724,14.7800002098
1409265725,14
1409265726,13.3900001049
1409265727,13
1409265728,14.8299996853
1409265729,16
1409265730,14.1700003147
1409265731,13
1409265732,13
1409265733,14.8299996853
1409265734,14.7800002098
1409265735,13.3900001049
1409265736,13
1409265737,13.6099998951
1409265738,15.2199997902
1409265739,14.7800002098
1409265740,13.3900001049
1409265741,13
1409265742,13
1409265743,14.8299996853
1409265744,15.3900001049
1409265745,13.7800002098
1409265746,13
1409265747,13
1409265748,14.8299996853
1409265749,14.7800002098
1409265750,13.3900001049
1409265751,13
1409265752,13
1409265753,14.2199997902
1409265754,14.3900001049
1409265755,13.3900001049
1409265756,13
1409265757,13
1409265758,14.8299996853
1409265759,14.1700003147
1409265760,13
1409265761,13
1409265762,13.6099998951
1409265763,14.6099998951
1409265764,13.7800002098
1409265765,13
1409265766,13.6099998951
1409265767,13.3900001049
1409265768,13.6099998951
1409265769,14
1409265770,13.3900001049
1409265771,13
1409265772,13
1409265773,14.2199997902
1409265774,13.7800002098
1409265775,13
1409265776,13
1409265777,13
1409265778,14.2199997902
1409265779,13.7800002098
1409265780,13
1409265781,13.6099998951
1409265782,13.3900001049
1409265783,14.2199997902
1409265784,13.7800002098
1409265785,13
1409265786,13
1409265787,13
1409265788,13
1409265789,13.6099998951
1409265790,13.3900001049
1409265791,13
1409265792,8.12000083923
1409265793,1.95000052452
1409265794,0
1409265795,0
1409265796,0
1409265797,0
1409265798,0
1409265799,0
1409265800,0
1409265801,0
1409265802,0
1409265803,0
1409265804,9.14999842644
1409265805,13.7800002098
1409265806,13
1409265807,13.6099998951
1409265808,14
1409265809,13.3900001049
1409265810,13
1409265811,13
1409265812,13.6099998951
1409265813,14
1409265814,14
1409265815,13.3900001049
1409265816,13
1409265817,13
1409265818,13.6099998951
1409265819,13.3900001049
1409265820,13
1409265821,13
1409265822,13
1409265823,14.2199997902
1409265824,13.7800002098
1409265825,13.6099998951
1409265826,13.3900001049
1409265827,13
1409265828,14.2199997902
1409265829,13.7800002098
1409265830,13
1409265831,13
1409265832,13
1409265833,13.6099998951
1409265834,13.3900001049
1409265835,13
1409265836,13.6099998951
1409265837,13.3900001049
1409265838,13
1409265839,13
1409265840,13
1409265841,13.6099998951
1409265842,14.6099998951
1409265843,13.7800002098
1409265844,13.6099998951
1409265845,13.3900001049
1409265846,13
1409265847,13
1409265848,13
1409265849,13
1409265850,13
1409265851,13
1409265852,13.6099998951
1409265853,13.3900001049
1409265854,13
1409265855,13
1409265856,13
1409265857,13
1409265858,13.6099998951
1409265859,13.3900001049
1409265860,13
1409265861,13
1409265862,13
1409265863,13
1409265864,13
1409265865,9.95000052452
1409265866,11.0499994755
1409265867,13
1409265868,13
1409265869,13
1409265870,13
1409265871,13.6099998951
1409265872,13.3900001049
1409265873,13
1409265874,13
1409265875,13
1409265876,13
1409265877,13
1409265878,13.6099998951
1409265879,13.3900001049
1409265880,13
1409265881,13
1409265882,13
1409265883,13
1409265884,13
1409265885,13.6099998951
1409265886,13.3900001049
1409265887,13
1409265888,13
1409265889,13
1409265890,13
1409265891,13
1409265892,13
1409265893,13.6099998951
1409265894,13.3900001049
1409265895,13
1409265896,13
1409265897,13
1409265898,13
1409265899,13
1409265900,13.6099998951
1409265901,13.3900001049
1409265902,13
1409265903,13
1409265904,13
1409265905,13
1409265906,13
1409265907,13.6099998951
1409265908,13.3900001049
1409265909,13
1409265910,13
1409265911,13
1409265912,13
1409265913,13
1409265914,13.6099998951
1409265915,13.3900001049
1409265916,13
1409265917,13
1409265918,13
1409265919,13
1409265920,13
1409265921,13
1409265922,13.6099998951
1409265923,13.3900001049
1409265924,13
1409265925,13
1409265926,13
1409265927,13
1409265928,13
1409265929,13
1409265930,13.6099998951
1409265931,13.3900001049
1409265932,13
1409265933,13
1409265934,13
1409265935,13
1409265936,13.6099998951
1409265937,13.3900001049
1409265938,13
1409265939,13
1409265940,13
1409265941,13
1409265942,13
1409265943,13
1409265944,13.6099998951
1409265945,13.3900001049
1409265946,13
1409265947,13
1409265948,13
1409265949,13
1409265950,13
1409265951,13
1409265952,13.6099998951
1409265953,13.3900001049
1409265954,13
1409265955,13
1409265956,13
1409265957,13
1409265958,13
1409265959,13.6099998951
1409265960,13.3900001049
1409265961,13
1409265962,13
1409265963,13
1409265964,13
1409265965,13
1409265966,13.6099998951
1409265967,13.3900001049
1409265968,13
1409265969,13
1409265970,13
1409265971,13
1409265972,13
1409265973,13
1409265974,13.6099998951
1409265975,13.3900001049
1409265976,13
1409265977,13
1409265978,13
1409265979,13
1409265980,13
1409265981,13.6099998951
1409265982,13.3900001049
1409265983,13
1409265984,13
1409265985,13
1409265986,13
1409265987,13.6099998951
1409265988,13.3900001049
1409265989,13
1409265990,13
1409265991,13
1409265992,13
1409265993,13
1409265994,13.6099998951
1409265995,13.3900001049
1409265996,13
1409265997,13
1409265998,13
1409265999,13
1409266000,13
1409266001,13
1409266002,13.6099998951
1409266003,13.3900001049
1409266004,13
1409266005,13
1409266006,13
1409266007,13
1409266008,13.6099998951
1409266009,13.3900001049
1409266010,13
1409266011,13
1409266012,13
1409266013,13
1409266014,13
1409266015,13.6099998951
1409266016,13.3900001049
1409266017,13
1409266018,13
1409266019,13
1409266020,13
1409266021,13
1409266022,13
1409266023,13.6099998951
1409266024,13.3900001049
1409266025,13
1409266026,13
1409266027,13
1409266028,13
1409266029,13
1409266030,13.6099998951
1409266031,13.3900001049
1409266032,13
1409266033,13
1409266034,13
1409266035,13
1409266036,13
1409266037,13.6099998951
1409266038,13.3900001049
1409266039,13
1409266040,13
1409266041,13
1409266042,13
1409266043,13
1409266044,13.6099998951
1409266045,13.3900001049
1409266046,13
1409266047,13
1409266048,13
1409266049,13
1409266050,13
1409266051,13.6099998951
1409266052,13.3900001049
1409266053,13
1409266054,13
1409266055,13
1409266056,13
1409266057,13
1409266058,13
1409266059,13.6099998951
1409266060,13.3900001049
1409266061,13
1409266062,13
1409266063,13
1409266064,13
1409266065,13.6099998951
1409266066,13.3900001049
1409266067,13
1409266068,13
1409266069,13
1409266070,13
1409266071,13
1409266072,13
1409266073,13.6099998951
1409266074,13.3900001049
1409266075,13
1409266076,13
1409266077,13
1409266078,13
1409266079,13
1409266080,13
1409266081,13.6099998951
1409266082,13.3900001049
1409266083,13
1409266084,13
1409266085,13
1409266086,13
1409266087,13.6099998951
1409266088,13.3900001049
1409266089,13
1409266090,13
1409266091,13
1409266092,13
1409266093,13
1409266094,13
1409266095,13.6099998951
1409266096,13.3900001049
1409266097,13
1409266098,13
1409266099,13
1409266100,13
1409266101,13
1409266102,13
1409266103,13.6099998951
1409266104,13.3900001049
1409266105,13
1409266106,13
1409266107,13
1409266108,13
1409266109,13.6099998951
1409266110,13.3900001049
1409266111,13
1409266112,13
1409266113,13
1409266114,13
1409266115,13
1409266116,13.6099998951
1409266117,13.3900001049
1409266118,13
1409266119,13
1409266120,13
1409266121,13
1409266122,13
1409266123,13.6099998951
1409266124,13.3900001049
1409266125,13
1409266126,13
1409266127,13
1409266128,13
1409266129,13
1409266130,13
1409266131,13.6099998951
1409266132,13.3900001049
1409266133,13
1409266134,13
1409266135,13
1409266136,13
1409266137,13.6099998951
1409266138,13.3900001049
1409266139,13
1409266140,13
1409266141,13
1409266142,13
1409266143,13
1409266144,13
1409266145,13.6099998951
1409266146,13.3900001049
1409266147,13
1409266148,13
1409266149,13
1409266150,13
1409266151,13
1409266152,13
1409266153,13.6099998951
1409266154,13.3900001049
1409266155,13
1409266156,13
1409266157,13
1409266158,13
1409266159,13.6099998951
1409266160,13.3900001049
1409266161,13
1409266162,13
1409266163,13
1409266164,13
1409266165,13
1409266166,13.6099998951
1409266167,13.3900001049
1409266168,13
1409266169,13
1409266170,13
1409266171,13
1409266172,13.6099998951
1409266173,13.3900001049
1409266174,13
1409266175,13
1409266176,13
1409266177,13
1409266178,13
1409266179,13
1409266180,13.6099998951
1409266181,13.3900001049
1409266182,13
1409266183,13
1409266184,13
1409266185,13
1409266186,13
1409266187,13.6099998951
1409266188,13.3900001049
1409266189,13
1409266190,13
1409266191,13
1409266192,13
1409266193,13
1409266194,13.6099998951
1409266195,13.3900001049
1409266196,13
1409266197,13
1409266198,13
1409266199,13
1409266200,13
1409266201,13.6099998951
1409266202,13.3900001049
1409266203,13
1409266204,13
1409266205,13
1409266206,13
1409266207,13
1409266208,13
1409266209,13.6099998951
1409266210,13.3900001049
1409266211,13
1409266212,13
1409266213,13
1409266214,13
1409266215,13.6099998951
1409266216,13.3900001049
1409266217,13
1409266218,13
1409266219,13
1409266220,13
1409266221,13
1409266222,13
1409266223,13.6099998951
1409266224,13.3900001049
1409266225,13
1409266226,13
1409266227,13
1409266228,13
1409266229,13
1409266230,13.6099998951
1409266231,13.3900001049
1409266232,13
1409266233,13
1409266234,13
1409266235,13
1409266236,13
1409266237,13
1409266238,13.6099998951
1409266239,13.3900001049
1409266240,13
1409266241,13
1409266242,13
1409266243,13
1409266244,13.6099998951
1409266245,13.3900001049
1409266246,13
1409266247,13
1409266248,13
1409266249,13
1409266250,13
1409266251,13
1409266252,13.6099998951
1409266253,13.3900001049
1409266254,13
1409266255,13
1409266256,13
1409266257,13
1409266258,13
1409266259,13
1409266260,13.6099998951
1409266261,13.3900001049
1409266262,13
1409266263,13
1409266264,13
1409266265,13
1409266266,13
1409266267,13.6099998951
1409266268,13.3900001049
1409266269,13
1409266270,13
1409266271,13
1409266272,13
1409266273,13
1409266274,13.6099998951
1409266275,13.3900001049
1409266276,13
1409266277,13
1409266278,13
1409266279,13
1409266280,13
1409266281,13
1409266282,13.6099998951
1409266283,13.3900001049
1409266284,13
1409266285,13
1409266286,13
1409266287,13
1409266288,13
1409266289,13
1409266290,13.6099998951
1409266291,13.3900001049
1409266292,13
1409266293,14.2199997902
1409266294,16.2199997902
1409266295,14.5600004196
1409266296,13
1409266297,13.6099998951
1409266298,14.6099998951
1409266299,15.6099998951
1409266300,14.1700003147
1409266301,13
1409266302,13
1409266303,14.2199997902
1409266304,16.2199997902
1409266305,14.5600004196
1409266306,13
1409266307,13
1409266308,14.8299996853
1409266309,15.3900001049
1409266310,13.7800002098
1409266311,13
1409266312,13
1409266313,13.6099998951
1409266314,15.2199997902
1409266315,14.1700003147
1409266316,13
1409266317,13
1409266318,14.2199997902
1409266319,14.3900001049
1409266320,14
1409266321,13.3900001049
1409266322,13
1409266323,14.8299996853
1409266324,17.8299996853
1409266325,15.3400006294
1409266326,13
1409266327,13
1409266328,14.8299996853
1409266329,15.3900001049
1409266330,13.7800002098
1409266331,13
1409266332,13
1409266333,14.2199997902
1409266334,15.6099998951
1409266335,14.1700003147
1409266336,13
1409266337,13
1409266338,14.2199997902
1409266339,15.6099998951
1409266340,14.1700003147
1409266341,13
1409266342,13
1409266343,14.2199997902
1409266344,16.2199997902
1409266345,14.5600004196
1409266346,13
1409266347,13.6099998951
1409266348,14
1409266349,17.0499994755
1409266350,15.3400006294
1409266351,13
1409266352,13
1409266353,14.8299996853
1409266354,17.2199997902
1409266355,14.9500005245
1409266356,13
1409266357,13
1409266358,14.2199997902
1409266359,16.2199997902
1409266360,14.5600004196
1409266361,13
1409266362,13
1409266363,14.8299996853
1409266364,14.1700003147
1409266365,13
1409266366,13
1409266367,13
1409266368,13.6099998951
1409266369,15.8299996853
1409266370,14.5600004196
1409266371,13
1409266372,13
1409266373,14.2199997902
1409266374,15.6099998951
1409266375,14.1700003147
1409266376,13
1409266377,13
1409266378,14.8299996853
1409266379,14.1700003147
1409266380,13
1409266381,13
1409266382,13.6099998951
1409266383,14.6099998951
1409266384,14.3900001049
1409266385,13.3900001049
1409266386,13
1409266387,13
1409266388,14.8299996853
1409266389,15.3900001049
1409266390,13.7800002098
1409266391,13
1409266392,13
1409266393,14.2199997902
1409266394,15
1409266395,13.7800002098
1409266396,13.6099998951
1409266397,13.3900001049
1409266398,14.2199997902
1409266399,13.7800002098
1409266400,13
1409266401,13.6099998951
1409266402,13.3900001049
1409266403,14.8299996853
1409266404,16
1409266405,14.1700003147
1409266406,13.6099998951
1409266407,13.3900001049
1409266408,14.8299996853
1409266409,14.7800002098
1409266410,13.3900001049
1409266411,13
1409266412,13
1409266413,14.2199997902
1409266414,16.2199997902
1409266415,14.5600004196
1409266416,13
1409266417,13.6099998951
1409266418,14.6099998951
1409266419,16.2199997902
1409266420,14.5600004196
1409266421,13.6099998951
1409266422,13.3900001049
1409266423,14.2199997902
1409266424,15
1409266425,14.3900001049
1409266426,13.3900001049
1409266427,13
1409266428,14.8299996853
1409266429,14.7800002098
1409266430,13.3900001049
1409266431,13.6099998951
1409266432,13.3900001049
1409266433,14.2199997902
1409266434,16.2199997902
1409266435,14.5600004196
1409266436,13.6099998951
1409266437,13.3900001049
1409266438,14.8299996853
1409266439,14.1700003147
1409266440,13
1409266441,13.6099998951
1409266442,13.3900001049
1409266443,14.2199997902
1409266444,15
1409266445,13.7800002098
1409266446,13
1409266447,13
1409266448,14.8299996853
1409266449,16
1409266450,14.1700003147
1409266451,13
1409266452,13
1409266453,14.2199997902
1409266454,15.6099998951
1409266455,14.1700003147
1409266456,13
1409266457,13
1409266458,14.8299996853
1409266459,15.3900001049
1409266460,13.7800002098
1409266461,13
1409266462,13
1409266463,14.8299996853
1409266464,15.3900001049
1409266465,14.3900001049
1409266466,13.3900001049
1409266467,13
1409266468,14.2199997902
1409266469,15.6099998951
1409266470,14.1700003147
1409266471,13.6099998951
1409266472,13.3900001049
1409266473,14.2199997902
1409266474,15
1409266475,13.7800002098
1409266476,13
1409266477,13.6099998951
1409266478,13.3900001049
1409266479,16.6599993706
1409266480,15.9500005245
1409266481,13.3900001049
1409266482,13
1409266483,14.2199997902
1409266484,15
1409266485,14.3900001049
1409266486,13.3900001049
1409266487,13
1409266488,13.6099998951
1409266489,15.8299996853
1409266490,14.5600004196
1409266491,13.6099998951
1409266492,13.3900001049
1409266493,14.8299996853
1409266494,14.7800002098
1409266495,13.3900001049
1409266496,13
1409266497,13.6099998951
1409266498,15.2199997902
1409266499,16
1409266500,14.1700003147
1409266501,13
1409266502,13
1409266503,14.2199997902
1409266504,15.6099998951
1409266505,14.1700003147
1409266506,13
1409266507,13
1409266508,15.4399995804
1409266509,15.1700003147
1409266510,14
1409266511,13.3900001049
1409266512,13
1409266513,14.8299996853
1409266514,14.7800002098
1409266515,13.3900001049
1409266516,13
1409266517,13.6099998951
1409266518,14
1409266519,20.099998951
1409266520,20.3400006294
1409266521,14.9500005245
1409266522,13
1409266523,14.8299996853
1409266524,18.4399995804
1409266525,15.7300007343
1409266526,13
1409266527,13
1409266528,14.2199997902
1409266529,18.6599993706
1409266530,16.1200008392
1409266531,13
1409266532,13
1409266533,14.8299996853
1409266534,19.0499994755
1409266535,16.1200008392
1409266536,13.6099998951
1409266537,13.3900001049
1409266538,14.2199997902
1409266539,20.4899990559
1409266540,20.9500005245
1409266541,15.3400006294
1409266542,13
1409266543,14.2199997902
1409266544,20.4899990559
1409266545,17.900001049
1409266546,13.3900001049
1409266547,13
1409266548,14.8299996853
1409266549,20.8799991608
1409266550,17.900001049
1409266551,13.3900001049
1409266552,13
1409266553,14.8299996853
1409266554,20.8799991608
1409266555,20.3400006294
1409266556,14.9500005245
1409266557,13
1409266558,14.2199997902
1409266559,20.4899990559
1409266560,20.9500005245
1409266561,15.9500005245
1409266562,13.3900001049
1409266563,14.8299996853
1409266564,20.8799991608
1409266565,24
1409266566,21.5600004196
1409266567,15.7300007343
1409266568,14.8299996853
1409266569,20.8799991608
1409266570,22.1700003147
1409266571,16.1200008392
1409266572,13
1409266573,14.8299996853
1409266574,20.8799991608
1409266575,24
1409266576,24
1409266577,18.5100009441
1409266578,15.6099998951
1409266579,20.8799991608
1409266580,20.3400006294
1409266581,14.9500005245
1409266582,13
1409266583,14.8299996853
1409266584,20.8799991608
1409266585,24
1409266586,17.2900011539
1409266587,13
1409266588,14.2199997902
1409266589,20.4899990559
1409266590,19.7300007343
1409266591,14.5600004196
1409266592,13
1409266593,14.2199997902
1409266594,20.4899990559
1409266595,22.7800002098
1409266596,16.5100009441
1409266597,13
1409266598,14.8299996853
1409266599,20.8799991608
1409266600,20.3400006294
1409266601,14.9500005245
1409266602,13
1409266603,14.8299996853
1409266604,20.8799991608
1409266605,24
1409266606,24
1409266607,24
1409266608,19.7300007343
1409266609,21.2699992657
1409266610,24
1409266611,24
1409266612,20.3400006294
1409266613,16.7800002098
1409266614,20.8799991608
1409266615,24
1409266616,19.1200008392
1409266617,14.1700003147
1409266618,14.2199997902
1409266619,20.4899990559
1409266620,19.1200008392
1409266621,14.1700003147
1409266622,13
1409266623,14.8299996853
1409266624,18.4399995804
1409266625,15.7300007343
1409266626,13
1409266627,13
1409266628,14.8299996853
1409266629,20.8799991608
1409266630,22.7800002098
1409266631,17.1200008392
1409266632,13.3900001049
1409266633,14.2199997902
1409266634,19.2699992657
1409266635,16.5100009441
1409266636,13
1409266637,13.6099998951
1409266638,14.6099998951
1409266639,20.4899990559
1409266640,19.1200008392
1409266641,14.1700003147
1409266642,13
1409266643,14.2199997902
1409266644,20.4899990559
1409266645,19.7300007343
1409266646,14.5600004196
1409266647,13
1409266648,14.8299996853
1409266649,20.2699992657
1409266650,16.900001049
1409266651,13.6099998951
1409266652,13.3900001049
1409266653,14.8299996853
1409266654,18.4399995804
1409266655,16.3400006294
1409266656,13.3900001049
1409266657,13
1409266658,14.8299996853
1409266659,20.8799991608
1409266660,17.2900011539
1409266661,13
1409266662,13
1409266663,14.2199997902
1409266664,18.0499994755
1409266665,15.7300007343
1409266666,13
1409266667,13
1409266668,14.2199997902
1409266669,19.8799991608
1409266670,16.900001049
1409266671,13
1409266672,13
1409266673,14.2199997902
1409266674,17.4399995804
1409266675,15.3400006294
1409266676,13.6099998951
1409266677,13.3900001049
1409266678,14.2199997902
1409266679,19.8799991608
1409266680,23.6099998951
1409266681,19.1200008392
1409266682,14.7800002098
1409266683,14.6099998951
1409266684,20.4899990559
1409266685,20.3400006294
1409266686,15.5600004196
1409266687,13.3900001049
1409266688,14.2199997902
1409266689,20.4899990559
1409266690,23.3900001049
1409266691,16.900001049
1409266692,13.6099998951
1409266693,14.6099998951
1409266694,20.4899990559
1409266695,24
1409266696,22.7800002098
1409266697,16.5100009441
1409266698,14.8299996853
1409266699,20.8799991608
1409266700,24
1409266701,18.5100009441
1409266702,13.7800002098
1409266703,14.2199997902
1409266704,20.4899990559
1409266705,24
1409266706,24
1409266707,22.1700003147
1409266708,18.5600004196
1409266709,21.2699992657
1409266710,24
1409266711,20.3400006294
1409266712,14.9500005245
1409266713,14.8299996853
1409266714,20.8799991608
1409266715,24
1409266716,24
1409266717,24
1409266718,19.1200008392
1409266719,20.8799991608
1409266720,24
1409266721,24
1409266722,24
1409266723,24
1409266724,24
1409266725,24
1409266726,24
1409266727,24
1409266728,24
1409266729,24
1409266730,24
1409266731,24
1409266732,24
1409266733,24.6099998951
1409266734,24.3900001049
1409266735,24
1409266736,24
1409266737,24
1409266738,20.3400006294
1409266739,21.6599993706
1409266740,24
1409266741,24
1409266742,24
1409266743,20.9500005245
1409266744,22.0499994755
1409266745,24
1409266746,24
1409266747,24
1409266748,19.1200008392
1409266749,20.8799991608
1409266750,24
1409266751,24
1409266752,24
1409266753,20.9500005245
1409266754,22.0499994755
1409266755,24
1409266756,24
1409266757,24
1409266758,20.3400006294
1409266759,21.6599993706
1409266760,24
1409266761,24
1409266762,24
1409266763,24
1409266764,24
1409266765,24
1409266766,24
1409266767,24
1409266768,20.9500005245
1409266769,22.0499994755
1409266770,24
1409266771,24
1409266772,24.6099998951
1409266773,24.3900001049
1409266774,24.6099998951
1409266775,24.3900001049
1409266776,24
1409266777,24
1409266778,23.3900001049
1409266779,23.6099998951
1409266780,24
1409266781,23.3900001049
1409266782,23.6099998951
1409266783,24
1409266784,24
1409266785,24
1409266786,24
1409266787,24
1409266788,24.6099998951
1409266789,24.3900001049
1409266790,24
1409266791,24
1409266792,24
1409266793,20.9500005245
1409266794,22.0499994755
1409266795,24
1409266796,24
1409266797,24
1409266798,19.7300007343
1409266799,21.2699992657
1409266800,24
1409266801,24
1409266802,24
1409266803,19.7300007343
1409266804,21.2699992657
1409266805,24
1409266806,24
1409266807,22.7800002098
1409266808,18.9500005245
1409266809,21.2699992657
1409266810,24
1409266811,24
1409266812,22.1700003147
1409266813,17.9500005245
1409266814,20.8799991608
1409266815,24
1409266816,24
1409266817,24
1409266818,19.7300007343
1409266819,21.2699992657
1409266820,24
1409266821,24
1409266822,24
1409266823,20.3400006294
1409266824,21.6599993706
1409266825,24
1409266826,24
1409266827,22.7800002098
1409266828,18.3400006294
1409266829,20.8799991608
1409266830,24
1409266831,24
1409266832,24
1409266833,24.6099998951
1409266834,25
1409266835,24.3900001049
1409266836,24
1409266837,24
1409266838,24
1409266839,25.2199997902
1409266840,24.7800002098
1409266841,24.6099998951
1409266842,25
1409266843,24.3900001049
1409266844,25.2199997902
1409266845,24.7800002098
1409266846,24
1409266847,24
1409266848,25.2199997902
1409266849,24.7800002098
1409266850,23.3900001049
1409266851,24.2199997902
1409266852,23.7800002098
1409266853,24.2199997902
1409266854,24.3900001049
1409266855,24
1409266856,24
1409266857,24
1409266858,22.7800002098
1409266859,23.2199997902
1409266860,24
1409266861,24
1409266862,24
1409266863,24
1409266864,24
1409266865,24
1409266866,24.6099998951
1409266867,24.3900001049
1409266868,24.6099998951
1409266869,25
1409266870,24.3900001049
1409266871,24
1409266872,23.3900001049
1409266873,21.1700003147
1409266874,22.4399995804
1409266875,24
1409266876,24
1409266877,24
1409266878,22.1700003147
1409266879,22.8299996853
1409266880,23.3900001049
1409266881,23.6099998951
1409266882,24
1409266883,24
1409266884,24
1409266885,23.3900001049
1409266886,23.6099998951
1409266887,24
1409266888,23.3900001049
1409266889,23.6099998951
1409266890,24
1409266891,24
1409266892,24
1409266893,20.3400006294
1409266894,21.6599993706
1409266895,24
1409266896,24
1409266897,24
1409266898,24
1409266899,24
1409266900,24
1409266901,24
1409266902,24
1409266903,24.6099998951
1409266904,24.3900001049
1409266905,24
1409266906,24
1409266907,24
1409266908,24.6099998951
1409266909,24.3900001049
1409266910,24
1409266911,24
1409266912,24
1409266913,21.5600004196
1409266914,22.4399995804
1409266915,24
1409266916,24
1409266917,24
1409266918,20.3400006294
1409266919,21.6599993706
1409266920,24
1409266921,24
1409266922,24
1409266923,20.9500005245
1409266924,22.0499994755
1409266925,24
1409266926,24
1409266927,24
1409266928,22.7800002098
1409266929,23.2199997902
1409266930,24
1409266931,24
1409266932,24
1409266933,21.5600004196
1409266934,22.4399995804
1409266935,24
1409266936,24
1409266937,24
1409266938,22.1700003147
1409266939,22.2199997902
1409266940,23.6099998951
1409266941,24
1409266942,24
1409266943,22.7800002098
1409266944,23.2199997902
1409266945,24
1409266946,24
1409266947,24
1409266948,22.1700003147
1409266949,22.8299996853
1409266950,24
1409266951,24
1409266952,22.7800002098
1409266953,18.9500005245
1409266954,21.2699992657
1409266955,24
1409266956,24
1409266957,19.7300007343
1409266958,15.7800002098
1409266959,20.4899990559
1409266960,24
1409266961,24
1409266962,24
1409266963,21.5600004196
1409266964,22.4399995804
1409266965,24
1409266966,24
1409266967,24
1409266968,23.3900001049
1409266969,23.6099998951
1409266970,24
1409266971,24
1409266972,22.1700003147
1409266973,17.9500005245
1409266974,20.8799991608
1409266975,23.3900001049
1409266976,16.900001049
1409266977,13
1409266978,14.8299996853
1409266979,20.8799991608
1409266980,24
1409266981,19.7300007343
1409266982,14.5600004196
1409266983,14.2199997902
1409266984,20.4899990559
1409266985,24
1409266986,24
1409266987,24
1409266988,22.1700003147
1409266989,22.8299996853
1409266990,24
1409266991,24
1409266992,22.1700003147
1409266993,17.9500005245
1409266994,20.8799991608
1409266995,24
1409266996,24
1409266997,20.9500005245
1409266998,17.7800002098
1409266999,21.2699992657
1409267000,24
1409267001,24
1409267002,23.3900001049
1409267003,18.7300007343
1409267004,20.8799991608
1409267005,24
1409267006,24
1409267007,24
1409267008,23.3900001049
1409267009,23.6099998951
1409267010,24
1409267011,24
1409267012,24.6099998951
1409267013,24.3900001049
1409267014,24.6099998951
1409267015,24.3900001049
1409267016,24
1409267017,24
1409267018,24.6099998951
1409267019,25
1409267020,24.3900001049
1409267021,24
1409267022,24.6099998951
1409267023,24.3900001049
1409267024,24.6099998951
1409267025,24.3900001049
1409267026,24
1409267027,24.6099998951
1409267028,24.3900001049
1409267029,24.6099998951
1409267030,24.3900001049
1409267031,24
1409267032,24
1409267033,24
1409267034,24.6099998951
1409267035,24.3900001049
1409267036,24
1409267037,24
1409267038,24.6099998951
1409267039,24.3900001049
1409267040,24
1409267041,24
1409267042,24
1409267043,24.6099998951
1409267044,24.3900001049
1409267045,24
1409267046,24
1409267047,24
1409267048,24
1409267049,24
1409267050,24
1409267051,24
1409267052,24
1409267053,21.5600004196
1409267054,22.4399995804
1409267055,24
1409267056,24
1409267057,24
1409267058,21.5600004196
1409267059,22.4399995804
1409267060,24
1409267061,24
1409267062,24
1409267063,24
1409267064,24
1409267065,24.6099998951
1409267066,24.3900001049
1409267067,25.2199997902
1409267068,25.3900001049
1409267069,24.3900001049
1409267070,24.6099998951
1409267071,25
1409267072,25.6099998951
1409267073,25.3900001049
1409267074,25
1409267075,25.6099998951
1409267076,25.3900001049
1409267077,25.6099998951
1409267078,25.3900001049
1409267079,25
1409267080,25
1409267081,24.3900001049
1409267082,24.6099998951
1409267083,25
1409267084,24.3900001049
1409267085,24.6099998951
1409267086,24.3900001049
1409267087,24.6099998951
1409267088,25
1409267089,25
1409267090,24.3900001049
1409267091,24.6099998951
1409267092,25
1409267093,25
1409267094,24.3900001049
1409267095,24.6099998951
1409267096,25
1409267097,25.6099998951
1409267098,26
1409267099,25.3900001049
1409267100,25
1409267101,25.6099998951
1409267102,26
1409267103,26
1409267104,25.3900001049
1409267105,25
1409267106,25
1409267107,25
1409267108,25.6099998951
1409267109,25.3900001049
1409267110,24.3900001049
1409267111,25.2199997902
1409267112,26
1409267113,26
1409267114,25.3900001049
1409267115,24.3900001049
1409267116,24.6099998951
1409267117,24.3900001049
1409267118,24.6099998951
1409267119,25
1409267120,18.900001049
1409267121,19.8799991608
1409267122,26.6599993706
1409267123,24.7300007343
1409267124,21.3900001049
1409267125,24.0499994755
1409267126,29.0499994755
1409267127,29.1700003147
1409267128,23.7300007343
1409267129,20.3900001049
1409267130,22.4399995804
1409267131,27.0499994755
1409267132,29
1409267133,24.7300007343
1409267134,20.7800002098
1409267135,23.6599993706
1409267136,27.2199997902
1409267137,28
1409267138,24.3400006294
1409267139,21.3900001049
1409267140,25.2699992657
1409267141,27.3900001049
1409267142,27
1409267143,25.7800002098
1409267144,20.7300007343
1409267145,21.0499994755
1409267146,26.0499994755
1409267147,28.6099998951
1409267148,27.1700003147
1409267149,24.7800002098
1409267150,24.6099998951
1409267151,24.3900001049
1409267152,24.6099998951
1409267153,25
1409267154,24.3900001049
1409267155,19.7300007343
1409267156,18.8299996853
1409267157,26.099998951
1409267158,25.1200008392
1409267159,20.1700003147
1409267160,22.6599993706
1409267161,26.8299996853
1409267162,27.3900001049
1409267163,23.3400006294
1409267164,20.3900001049
1409267165,24.2699992657
1409267166,28.2199997902
1409267167,27.7800002098
1409267168,24.5600004196
1409267169,21.1700003147
1409267170,21.2199997902
1409267171,27.4899990559
1409267172,30.3900001049
1409267173,24.5100009441
1409267174,21
1409267175,21
1409267176,27.099998951
1409267177,30.3900001049
1409267178,26.3400006294
1409267179,24
1409267180,25.2199997902
1409267181,27.8299996853
1409267182,29
1409267183,27.7800002098
1409267184,25.7800002098
1409267185,23.7800002098
1409267186,23.6099998951
1409267187,24
1409267188,24.6099998951
1409267189,18.900001049
1409267190,16.2199997902
1409267191,24.9299986362
1409267192,28.1700003147
1409267193,23.3400006294
1409267194,21
1409267195,22.2199997902
1409267196,26.6599993706
1409267197,29
1409267198,24.7300007343
1409267199,20.7800002098
1409267200,21.8299996853
1409267201,26.0499994755
1409267202,28.6099998951
1409267203,24.7300007343
1409267204,20.1700003147
1409267205,20.2199997902
1409267206,26.4899990559
1409267207,29.3900001049
1409267208,25.9500005245
1409267209,22.7800002098
1409267210,24.4399995804
1409267211,27.8299996853
1409267212,29.6099998951
1409267213,26.9500005245
1409267214,22.5600004196
1409267215,22.2199997902
1409267216,23.6099998951
1409267217,25.2199997902
1409267218,25.3900001049
1409267219,25
1409267220,24.3900001049
1409267221,24.6099998951
1409267222,24.3900001049
1409267223,24
1409267224,24.6099998951
1409267225,24.3900001049
1409267226,24
1409267227,24
1409267228,24
1409267229,24
1409267230,24
1409267231,24
1409267232,24
1409267233,24
1409267234,24
1409267235,24
1409267236,24
1409267237,24
1409267238,24
1409267239,24
1409267240,24
1409267241,24
1409267242,24
1409267243,24
1409267244,24.6099998951
1409267245,24.3900001049
1409267246,24
1409267247,24
1409267248,24
1409267249,24.6099998951
1409267250,24.3900001049
1409267251,24
1409267252,24
1409267253,24
1409267254,24
1409267255,24
1409267256,24
1409267257,24
1409267258,24
1409267259,24.6099998951
1409267260,24.3900001049
1409267261,24
1409267262,24.6099998951
1409267263,25
1409267264,25
1409267265,24.3900001049
1409267266,24.6099998951
1409267267,25
1409267268,25
1409267269,24.3900001049
1409267270,24.6099998951
1409267271,25
1409267272,25
1409267273,25
1409267274,25
1409267275,25
1409267276,25
1409267277,25
1409267278,25
1409267279,24.3900001049
1409267280,24.6099998951
1409267281,24.3900001049
1409267282,24.6099998951
1409267283,25
1409267284,24.3900001049
1409267285,24.6099998951
1409267286,25
1409267287,25
1409267288,25
1409267289,24.3900001049
1409267290,24
1409267291,24.6099998951
1409267292,25
1409267293,25
1409267294,24.3900001049
1409267295,24.6099998951
1409267296,24.3900001049
1409267297,24.6099998951
1409267298,25
1409267299,25
1409267300,24.3900001049
1409267301,24
1409267302,24
1409267303,24.6099998951
1409267304,25
1409267305,24.3900001049
1409267306,24
1409267307,24.6099998951
1409267308,25
1409267309,24.3900001049
1409267310,24.6099998951
1409267311,24.3900001049
1409267312,25.2199997902
1409267313,25.3900001049
1409267314,24.3900001049
1409267315,24.6099998951
1409267316,24.3900001049
1409267317,24
1409267318,24.6099998951
1409267319,24.3900001049
1409267320,24
1409267321,24.6099998951
1409267322,25
1409267323,25.6099998951
1409267324,24.7800002098
1409267325,24.6099998951
1409267326,25
1409267327,25
1409267328,25
1409267329,24.3900001049
1409267330,24.6099998951
1409267331,24.3900001049
1409267332,24.6099998951
1409267333,25
1409267334,25
1409267335,25
1409267336,24.3900001049
1409267337,24.6099998951
1409267338,25.6099998951
1409267339,24.7800002098
1409267340,24.6099998951
1409267341,24.3900001049
1409267342,25.2199997902
1409267343,25.3900001049
1409267344,25
1409267345,25
1409267346,24.3900001049
1409267347,24.6099998951
1409267348,25
1409267349,24.3900001049
1409267350,25.2199997902
1409267351,24.7800002098
1409267352,24.6099998951
1409267353,25.6099998951
1409267354,25.3900001049
1409267355,24.3900001049
1409267356,25.2199997902
1409267357,25.3900001049
1409267358,26.2199997902
1409267359,25.7800002098
1409267360,24.3900001049
1409267361,24.6099998951
1409267362,25
1409267363,25.6099998951
1409267364,24.7800002098
1409267365,24.6099998951
1409267366,25
1409267367,25
1409267368,25
1409267369,25
1409267370,24.3900001049
1409267371,24.6099998951
1409267372,25
1409267373,25.6099998951
1409267374,25.3900001049
1409267375,24.3900001049
1409267376,24.6099998951
1409267377,25
1409267378,25
1409267379,24.3900001049
1409267380,19.7300007343
1409267381,18.2199997902
1409267382,23.8799991608
1409267383,23.9500005245
1409267384,23.2199997902
1409267385,23.3900001049
1409267386,24.8299996853
1409267387,27.2199997902
1409267388,24.3400006294
1409267389,18.9500005245
1409267390,20.0499994755
1409267391,24.4399995804
1409267392,27.2199997902
1409267393,24.9500005245
1409267394,19.9500005245
1409267395,18.6099998951
1409267396,25.099998951
1409267397,29
1409267398,25.9500005245
1409267399,21.5600004196
1409267400,21.8299996853
1409267401,27.2699992657
1409267402,28.7800002098
1409267403,26.7800002098
1409267404,20.5100009441
1409267405,19.4399995804
1409267406,24.0499994755
1409267407,29.0499994755
1409267408,28.5600004196
1409267409,22.1200008392
1409267410,20.2199997902
1409267411,25.8799991608
1409267412,29.6099998951
1409267413,24.5100009441
1409267414,19.7800002098
1409267415,20.2199997902
1409267416,24.6599993706
1409267417,28.2199997902
1409267418,24.1200008392
1409267419,19.7800002098
1409267420,20.2199997902
1409267421,25.8799991608
1409267422,29.6099998951
1409267423,25.1200008392
1409267424,20.1700003147
1409267425,20.8299996853
1409267426,26.8799991608
1409267427,29.3900001049
1409267428,25.3400006294
1409267429,19.3400006294
1409267430,20.0499994755
1409267431,27.4899990559
1409267432,29.7800002098
1409267433,27.7800002098
1409267434,20.2900011539
1409267435,20.2699992657
1409267436,24.2199997902
1409267437,27.4399995804
1409267438,27.1700003147
1409267439,24.7800002098
1409267440,24.6099998951
1409267441,24.3900001049
1409267442,24.6099998951
1409267443,25
1409267444,24.3900001049
1409267445,22.7800002098
1409267446,23.2199997902
1409267447,24
1409267448,24
1409267449,17.2900011539
1409267450,17.8799991608
1409267451,27.099998951
1409267452,27.3400006294
1409267453,23.1700003147
1409267454,20.7800002098
1409267455,22.4399995804
1409267456,25.8299996853
1409267457,28.2199997902
1409267458,24.1200008392
1409267459,20.3900001049
1409267460,21.2199997902
1409267461,23.8299996853
1409267462,24.3900001049
1409267463,22.7800002098
1409267464,18.3400006294
1409267465,20.2699992657
1409267466,23
1409267467,26.0499994755
1409267468,25.5600004196
1409267469,17.900001049
1409267470,17.6599993706
1409267471,22.4399995804
1409267472,27.6599993706
1409267473,26.3400006294
1409267474,19.7300007343
1409267475,20.0499994755
1409267476,23.2199997902
1409267477,25.8299996853
1409267478,25.1700003147
1409267479,21.5600004196
1409267480,17.5600004196
1409267481,23.9299986362
1409267482,28.3900001049
1409267483,23.1200008392
1409267484,20.6099998951
1409267485,20.3900001049
1409267486,23.6599993706
1409267487,27.8299996853
1409267488,24.1200008392
1409267489,19.7800002098
1409267490,19.6099998951
1409267491,24.2699992657
1409267492,28.2199997902
1409267493,25.3400006294
1409267494,19.3400006294
1409267495,20.6599993706
1409267496,25.4399995804
1409267497,27
1409267498,25.1700003147
1409267499,19.7300007343
1409267500,19.4399995804
1409267501,26.4899990559
1409267502,30
1409267503,26.3400006294
1409267504,19.7300007343
1409267505,19.4399995804
1409267506,22.8299996853
1409267507,27.6599993706
1409267508,28.1700003147
1409267509,25.7800002098
1409267510,17.6800012589
1409267511,22.1499984264
1409267512,28
1409267513,24.3400006294
1409267514,20.1700003147
1409267515,19.6099998951
1409267516,23.0499994755
1409267517,26.8299996853
1409267518,24.3400006294
1409267519,22.6099998951
1409267520,23
1409267521,26.6599993706
1409267522,28.3900001049
1409267523,24.3400006294
1409267524,17.1200008392
1409267525,17.6599993706
1409267526,24.2699992657
1409267527,27
1409267528,25.1700003147
1409267529,20.3400006294
1409267530,20.4399995804
1409267531,26.8799991608
1409267532,28.1700003147
1409267533,26.3900001049
1409267534,20.5100009441
1409267535,18.2199997902
1409267536,20.8299996853
1409267537,25.6599993706
1409267538,26.7800002098
1409267539,24.7800002098
1409267540,24
1409267541,24
1409267542,24
1409267543,24.6099998951
1409267544,24.3900001049
1409267545,24
1409267546,23.3900001049
1409267547,24.2199997902
1409267548,24.3900001049
1409267549,20.3400006294
1409267550,18.6099998951
1409267551,23.8799991608
1409267552,28.2199997902
1409267553,25.9500005245
1409267554,22.1700003147
1409267555,20.3900001049
1409267556,25.4899990559
1409267557,27.7800002098
1409267558,24.5600004196
1409267559,20.5600004196
1409267560,21.4399995804
1409267561,26.6599993706
1409267562,28.3900001049
1409267563,24.9500005245
1409267564,21.1700003147
1409267565,20.6099998951
1409267566,25.8799991608
1409267567,29
1409267568,25.9500005245
1409267569,20.9500005245
1409267570,20.2199997902
1409267571,25.2699992657
1409267572,29.2199997902
1409267573,26.3400006294
1409267574,23.3900001049
1409267575,22.3900001049
1409267576,23.8299996853
1409267577,25.6099998951
1409267578,25.3900001049
1409267579,25
1409267580,24.3900001049
1409267581,24
1409267582,24.6099998951
1409267583,24.3900001049
1409267584,25.2199997902
1409267585,24.7800002098
1409267586,24.6099998951
1409267587,25
1409267588,25
1409267589,24.3900001049
1409267590,24.6099998951
1409267591,25
1409267592,25
1409267593,25
1409267594,25
1409267595,25
1409267596,24.3900001049
1409267597,24
1409267598,24
1409267599,24.6099998951
1409267600,23.7800002098
1409267601,23.6099998951
1409267602,24.6099998951
1409267603,25
1409267604,24.3900001049
1409267605,24.6099998951
1409267606,24.3900001049
1409267607,24.6099998951
1409267608,25
1409267609,24.3900001049
1409267610,24
1409267611,24
1409267612,24.6099998951
1409267613,25
1409267614,24.3900001049
1409267615,24.6099998951
1409267616,24.3900001049
1409267617,24.6099998951
1409267618,25
1409267619,24.3900001049
1409267620,24.6099998951
1409267621,25
1409267622,25
1409267623,25
1409267624,25
1409267625,25
1409267626,24.3900001049
1409267627,24.6099998951
1409267628,25.6099998951
1409267629,24.7800002098
1409267630,24.6099998951
1409267631,23.7800002098
1409267632,24.2199997902
1409267633,24.3900001049
1409267634,24.6099998951
1409267635,24.3900001049
1409267636,24.6099998951
1409267637,25
1409267638,25
1409267639,24.3900001049
1409267640,24.6099998951
1409267641,24.3900001049
1409267642,24.6099998951
1409267643,25.6099998951
1409267644,24.7800002098
1409267645,24.6099998951
1409267646,24.3900001049
1409267647,24.6099998951
1409267648,25
1409267649,24.3900001049
1409267650,24
1409267651,24
1409267652,24
1409267653,24
1409267654,18.5100009441
1409267655,17.4399995804
1409267656,25.099998951
1409267657,27.7800002098
1409267658,23.9500005245
1409267659,22.6099998951
1409267660,24.8299996853
1409267661,27.2199997902
1409267662,28.6099998951
1409267663,24.1200008392
1409267664,20.3900001049
1409267665,24.8799991608
1409267666,29.2199997902
1409267667,30
1409267668,25.1200008392
1409267669,21.3900001049
1409267670,22.8299996853
1409267671,27.0499994755
1409267672,28.3900001049
1409267673,24.9500005245
1409267674,21.7800002098
1409267675,21
1409267676,26.4899990559
1409267677,28.7800002098
1409267678,26.1700003147
1409267679,23.7800002098
1409267680,23
1409267681,23
1409267682,24.2199997902
1409267683,25
1409267684,25
1409267685,24.3900001049
1409267686,24
1409267687,24
1409267688,24.6099998951
1409267689,24.3900001049
1409267690,24
1409267691,24
1409267692,24
1409267693,24.6099998951
1409267694,25
1409267695,23.7800002098
1409267696,23.6099998951
1409267697,24
1409267698,24.6099998951
1409267699,24.3900001049
1409267700,24
1409267701,24
1409267702,24.6099998951
1409267703,25
1409267704,24.3900001049
1409267705,24.6099998951
1409267706,25
1409267707,25
1409267708,25
1409267709,24.3900001049
1409267710,24.6099998951
1409267711,24.3900001049
1409267712,24.6099998951
1409267713,24.3900001049
1409267714,24
1409267715,25.2199997902
1409267716,24.7800002098
1409267717,24.6099998951
1409267718,25.6099998951
1409267719,24.7800002098
1409267720,25.2199997902
1409267721,24.7800002098
1409267722,25.2199997902
1409267723,26
1409267724,25.3900001049
1409267725,24.3900001049
1409267726,25.2199997902
1409267727,25.3900001049
1409267728,25.6099998951
1409267729,24.7800002098
1409267730,24.6099998951
1409267731,24.3900001049
1409267732,24.6099998951
1409267733,25
1409267734,25
1409267735,23.7800002098
1409267736,23.6099998951
1409267737,24.6099998951
1409267738,24.3900001049
1409267739,24.6099998951
1409267740,24.3900001049
1409267741,24
1409267742,24.6099998951
1409267743,25
1409267744,24.3900001049
1409267745,24
1409267746,24
1409267747,24
1409267748,24
1409267749,24.6099998951
1409267750,24.3900001049
1409267751,24
1409267752,24
1409267753,24.6099998951
1409267754,24.3900001049
1409267755,24.6099998951
1409267756,24.3900001049
1409267757,24
1409267758,24.6099998951
1409267759,24.3900001049
1409267760,24
1409267761,24
1409267762,24.6099998951
1409267763,25
1409267764,24.3900001049
1409267765,24.6099998951
1409267766,24.3900001049
1409267767,24.6099998951
1409267768,25
1409267769,24.3900001049
1409267770,24.6099998951
1409267771,24.3900001049
1409267772,24.6099998951
1409267773,25.6099998951
1409267774,24.7800002098
1409267775,24.6099998951
1409267776,24.3900001049
1409267777,24.6099998951
1409267778,25.6099998951
1409267779,24.7800002098
1409267780,24.6099998951
1409267781,24.3900001049
1409267782,25.2199997902
1409267783,25.3900001049
1409267784,25
1409267785,25
1409267786,24.3900001049
1409267787,24.6099998951
1409267788,25.6099998951
1409267789,25.3900001049
1409267790,24.3900001049
1409267791,24
1409267792,24
1409267793,24.6099998951
1409267794,21.3400006294
1409267795,17.1700003147
1409267796,22.7099988461
1409267797,27.6099998951
1409267798,23.1200008392
1409267799,21.8299996853
1409267800,21.7800002098
1409267801,22.2199997902
1409267802,23
1409267803,21.1700003147
1409267804,17.5600004196
1409267805,17.8299996853
1409267806,23.2699992657
1409267807,26.6099998951
1409267808,23.9500005245
1409267809,18.3400006294
1409267810,19.6599993706
1409267811,25.6599993706
1409267812,26.7800002098
1409267813,26.6099998951
1409267814,21.5100009441
1409267815,19.2199997902
1409267816,25.4899990559
1409267817,28.3900001049
1409267818,26.7800002098
1409267819,21.1200008392
1409267820,19.2199997902
1409267821,21.8299996853
1409267822,27.8799991608
1409267823,27.9500005245
1409267824,24.7800002098
1409267825,24
1409267826,23.3900001049
1409267827,24.2199997902
1409267828,24.3900001049
1409267829,22.7800002098
1409267830,16.5100009441
1409267831,20.9299986362
1409267832,27.8299996853
1409267833,24.1200008392
1409267834,19.1700003147
1409267835,19.8299996853
1409267836,22.8299996853
1409267837,25.2199997902
1409267838,22.3400006294
1409267839,16.3400006294
1409267840,16.4399995804
1409267841,19.2199997902
1409267842,21.8299996853
1409267843,23.6099998951
1409267844,24
1409267845,24
1409267846,24
1409267847,24
1409267848,24
1409267849,24
1409267850,24
1409267851,24
1409267852,24
1409267853,24
1409267854,24
1409267855,24
1409267856,24
1409267857,24
1409267858,24
1409267859,24
1409267860,24
1409267861,24
1409267862,24
1409267863,23.3900001049
1409267864,23.6099998951
1409267865,24
1409267866,24
1409267867,24
1409267868,24
1409267869,24
1409267870,24
1409267871,24
1409267872,24
1409267873,24
1409267874,24
1409267875,24
1409267876,24
1409267877,24
1409267878,24
1409267879,24
1409267880,24
1409267881,24
1409267882,24
1409267883,24
1409267884,24
1409267885,24
1409267886,24
1409267887,24
1409267888,24
1409267889,24
1409267890,24
1409267891,24
1409267892,24
1409267893,24
1409267894,24
1409267895,24
1409267896,24
1409267897,24
1409267898,23.3900001049
1409267899,23.6099998951
1409267900,24
1409267901,24
1409267902,24
1409267903,24
1409267904,24
1409267905,24
1409267906,24
1409267907,24
1409267908,24
1409267909,24
1409267910,24
1409267911,24
1409267912,24
1409267913,24
1409267914,24
1409267915,24
1409267916,24
1409267917,24
1409267918,24
1409267919,24
1409267920,24
1409267921,24
1409267922,24
1409267923,24
1409267924,24
1409267925,24
1409267926,24
1409267927,24
1409267928,24
1409267929,24
1409267930,24
1409267931,24
1409267932,24
1409267933,24
1409267934,24
1409267935,24
1409267936,24
1409267937,24
1409267938,23.3900001049
1409267939,23.6099998951
1409267940,24
1409267941,24
1409267942,24
1409267943,24
1409267944,24
1409267945,24
1409267946,24
1409267947,24
1409267948,24
1409267949,24
1409267950,24
1409267951,24
1409267952,24
1409267953,24
1409267954,24
1409267955,24
1409267956,24
1409267957,24
1409267958,24
1409267959,24
1409267960,24
1409267961,24
1409267962,24
1409267963,24
1409267964,24
1409267965,24
1409267966,24
1409267967,24
1409267968,24
1409267969,24
1409267970,24
1409267971,24
1409267972,24
1409267973,24
1409267974,24
1409267975,24
1409267976,24
1409267977,24
1409267978,24
1409267979,24
1409267980,24
1409267981,24
1409267982,24
1409267983,24
1409267984,24
1409267985,24
1409267986,24
1409267987,24
1409267988,23.3900001049
1409267989,23.6099998951
1409267990,24
1409267991,24
1409267992,24
1409267993,24
1409267994,24
1409267995,24
1409267996,24
1409267997,24
1409267998,24
1409267999,24
1409268000,24
1409268001,24
1409268002,24
1409268003,24
1409268004,24
1409268005,24
1409268006,24
1409268007,24
1409268008,24
1409268009,24
1409268010,24
1409268011,24
1409268012,24
1409268013,24
1409268014,24
1409268015,24
1409268016,24
1409268017,24
1409268018,24
1409268019,24
1409268020,24
1409268021,24
1409268022,24
1409268023,23.3900001049
1409268024,23.6099998951
1409268025,24
1409268026,24
1409268027,24
1409268028,24
1409268029,24
1409268030,24
1409268031,24
1409268032,24
1409268033,24
1409268034,24
1409268035,24
1409268036,24
1409268037,24
1409268038,24
1409268039,24
1409268040,24
1409268041,24
1409268042,24
1409268043,24
1409268044,24
1409268045,24
1409268046,24
1409268047,24
1409268048,24
1409268049,24
1409268050,24
1409268051,24
1409268052,24
1409268053,24
1409268054,24
1409268055,24
1409268056,24
1409268057,24
1409268058,24
1409268059,24
1409268060,24
1409268061,24
1409268062,24
1409268063,23.3900001049
1409268064,23.6099998951
1409268065,24
1409268066,24
1409268067,24
1409268068,24
1409268069,24
1409268070,24
1409268071,24
1409268072,24
1409268073,24
1409268074,24
1409268075,24
1409268076,24
1409268077,24
1409268078,24
1409268079,24
1409268080,24
1409268081,24
1409268082,24
1409268083,24
1409268084,24
1409268085,24
1409268086,24
1409268087,24
1409268088,24
1409268089,24
1409268090,24
1409268091,24
1409268092,24
1409268093,24
1409268094,24
1409268095,24
1409268096,24
1409268097,24
1409268098,24
1409268099,24
1409268100,24
1409268101,24
1409268102,24
1409268103,24
1409268104,24
1409268105,24
1409268106,24
1409268107,24
1409268108,24
1409268109,24
1409268110,24
1409268111,24
1409268112,24
1409268113,23.3900001049
1409268114,23.6099998951
1409268115,24
1409268116,24
1409268117,24
1409268118,24
1409268119,24
1409268120,24
1409268121,24
1409268122,24
1409268123,24
1409268124,24
1409268125,24
1409268126,24
1409268127,24
1409268128,24
1409268129,24
1409268130,24
1409268131,24
1409268132,24
1409268133,24
1409268134,24
1409268135,24
1409268136,24
1409268137,24
1409268138,24
1409268139,24
1409268140,24
1409268141,24
1409268142,24
1409268143,24
1409268144,24
1409268145,24
1409268146,24
1409268147,24
1409268148,24
1409268149,24
1409268150,24
1409268151,24
1409268152,24
1409268153,23.3900001049
1409268154,23.6099998951
1409268155,24
1409268156,24
1409268157,24
1409268158,24
1409268159,24
1409268160,24
1409268161,24
1409268162,24
1409268163,24
1409268164,24
1409268165,24
1409268166,24
1409268167,24
1409268168,24
1409268169,24
1409268170,24
1409268171,24
1409268172,24
1409268173,24
1409268174,24
1409268175,24
1409268176,24
1409268177,24
1409268178,24
1409268179,24
1409268180,24
1409268181,24
1409268182,24
1409268183,24
1409268184,24
1409268185,24
1409268186,24
1409268187,24
1409268188,24
1409268189,24
1409268190,24
1409268191,24
1409268192,24
1409268193,23.3900001049
1409268194,23.6099998951
1409268195,24
1409268196,24
1409268197,24
1409268198,23.3900001049
1409268199,23.6099998951
1409268200,24
1409268201,24
1409268202,24
1409268203,24.6099998951
1409268204,24.3900001049
1409268205,24
1409268206,24
1409268207,24
1409268208,19.7300007343
1409268209,21.2699992657
1409268210,24
1409268211,24
1409268212,22.1700003147
1409268213,17.3400006294
1409268214,20.4899990559
1409268215,24
1409268216,22.1700003147
1409268217,16.1200008392
1409268218,14.2199997902
1409268219,20.4899990559
1409268220,24
1409268221,23.3900001049
1409268222,18.7300007343
1409268223,15.3900001049
1409268224,20.4899990559
1409268225,24
1409268226,24
1409268227,17.900001049
1409268228,14.6099998951
1409268229,20.4899990559
1409268230,24
1409268231,24
1409268232,24
1409268233,23.3900001049
1409268234,23.6099998951
1409268235,24
1409268236,24
1409268237,21.5600004196
1409268238,17.5600004196
1409268239,20.8799991608
1409268240,22.1700003147
1409268241,16.7300007343
1409268242,13.3900001049
1409268243,14.2199997902
1409268244,20.4899990559
1409268245,24
1409268246,24
1409268247,17.900001049
1409268248,14.6099998951
1409268249,20.4899990559
1409268250,19.7300007343
1409268251,14.5600004196
1409268252,13
1409268253,14.2199997902
1409268254,20.4899990559
1409268255,24
1409268256,24
1409268257,24
1409268258,18.5100009441
1409268259,20.4899990559
1409268260,24
1409268261,24
1409268262,24
1409268263,19.7300007343
1409268264,21.2699992657
1409268265,24
1409268266,24
1409268267,24
1409268268,19.1200008392
1409268269,20.8799991608
1409268270,22.7800002098
1409268271,16.5100009441
1409268272,13
1409268273,14.2199997902
1409268274,20.4899990559
1409268275,24
1409268276,19.7300007343
1409268277,15.1700003147
1409268278,14
1409268279,20.099998951
1409268280,22.7800002098
1409268281,17.1200008392
1409268282,13.3900001049
1409268283,14.2199997902
1409268284,20.4899990559
1409268285,24
1409268286,22.1700003147
1409268287,16.1200008392
1409268288,14.2199997902
1409268289,20.4899990559
1409268290,17.2900011539
1409268291,13
1409268292,13
1409268293,14.2199997902
1409268294,20.4899990559
1409268295,23.3900001049
1409268296,23.6099998951
1409268297,19.1200008392
1409268298,15.3900001049
1409268299,20.4899990559
1409268300,23.3900001049
1409268301,23.6099998951
1409268302,17.900001049
1409268303,14.6099998951
1409268304,20.4899990559
1409268305,19.7300007343
1409268306,14.5600004196
1409268307,13
1409268308,14.2199997902
1409268309,20.4899990559
1409268310,24
1409268311,17.2900011539
1409268312,13
1409268313,14.2199997902
1409268314,20.4899990559
1409268315,24
1409268316,18.5100009441
1409268317,13.7800002098
1409268318,14.8299996853
1409268319,17.8299996853
1409268320,15.3400006294
1409268321,13
1409268322,13.6099998951
1409268323,14
1409268324,20.099998951
1409268325,19.1200008392
1409268326,14.7800002098
1409268327,13.3900001049
1409268328,13.6099998951
1409268329,20.099998951
1409268330,20.3400006294
1409268331,14.9500005245
1409268332,13
1409268333,13.6099998951
1409268334,20.099998951
1409268335,24
1409268336,20.9500005245
1409268337,15.9500005245
1409268338,14
1409268339,20.099998951
1409268340,17.900001049
1409268341,13.3900001049
1409268342,13
1409268343,14.2199997902
1409268344,19.8799991608
1409268345,16.900001049
1409268346,13
1409268347,13
1409268348,14.2199997902
1409268349,19.2699992657
1409268350,16.5100009441
1409268351,13
1409268352,13.6099998951
1409268353,14
1409268354,20.099998951
1409268355,19.7300007343
1409268356,14.5600004196
1409268357,13
1409268358,14.2199997902
1409268359,19.8799991608
1409268360,17.5100009441
1409268361,14
1409268362,13.3900001049
1409268363,14.2199997902
1409268364,20.4899990559
1409268365,20.9500005245
1409268366,15.3400006294
1409268367,13
1409268368,14.2199997902
1409268369,20.4899990559
1409268370,24
1409268371,18.5100009441
1409268372,14.3900001049
1409268373,14
1409268374,19.4899990559
1409268375,16.900001049
1409268376,13.6099998951
1409268377,13.3900001049
1409268378,14.2199997902
